join_col,G16PRERTru_y,G16PREDCli_y,G16PREIDeL_y,G16PRELJoh_y
5-Dec,0,0,0,0
063 Summit 1,0,0,0,0
16-5,0,2,0,0
19-6,2,1,0,0
196 Courthouse 2,3,29,0,6
216 Apison 3,4,1,0,0
177 Concord 5,5,1,0,0
14-4,6,27,0,1
132 Eastside 2,6,40,0,0
214 Alton Park 2,9,40,0,5
143 Ooltewah 3,10,4,0,0
20-1,11,67,0,0
18-1,12,113,0,8
Memphis 12,12,530,0,3
Memphis 50-1,12,756,3,4
5-1 Whitehall,13,738,2,2
218 Harrison 6,14,1,0,0
106 Mountain Creek 2,14,8,0,4
Memphis 61,15,1043,4,9
21-1,15,1254,2,5
220 Collegedale 6,18,1,0,1
003 Amnicola,18,128,1,3
Memphis 60-9,18,1239,3,5
Memphis 13,19,963,2,4
176 Kingspoint 3,20,23,0,0
201 Summit 4,20,53,0,6
15-5,20,96,0,2
Memphis 34-2,22,979,1,2
Memphis 76-5,22,1352,0,7
23-5,22,18,0,3
18-5,22,55,0,2
Memphis 75-1,23,1308,1,11
Memphis 50-2,24,1328,7,2
Memphis 84-2,25,587,0,4
Memphis 49,25,1824,2,9
168 Ooltewah 6,27,19,0,3
Memphis 75-7,28,2098,5,9
174 Woodmore 2,29,47,0,3
Memphis 60-3,30,1332,4,7
4-2 Clinchmore,31,10,0,0
14 Austin-East,31,463,1,4
Memphis 76-4,31,1592,6,12
Memphis 47,31,1816,2,8
004 Avondale,32,803,1,5
Memphis 41-3,32,1558,7,11
217 Collegedale 5,33,4,0,1
1-2 Caton's Chapel,33,6,0,0
1 Allandale Outside,33,8,0,0
219 Soddy Daisy 4,33,19,0,1
Orme,34,14,1,3
137 St. Elmo 2,34,34,0,2
008 Bushtown,34,1086,1,14
5-Jan,33,1162,4,11
Memphis 79-7,35,1347,3,8
Memphis 42-1,35,1610,4,6
Memphis 75-6,35,2587,6,9
Memphis 52-1,37,912,2,12
1-Feb,36,1886,5,9
Memphis 92-1,38,763,1,6
19-5,38,470,0,4
4-May,39,623,1,10
5-2 Macedonia,40,863,6,3
2 Church Hill Outsid,41,11,0,2
Hubbard's Cove,41,22,0,2
Memphis 26,41,1407,1,2
Memphis 60-6,43,1033,1,4
Memphis 21,44,1490,1,10
17-3,45,150,0,17
3-Feb,44,355,0,2
Memphis 60-5,45,790,1,8
10W Howard Baker Center,46,17,0,6
018 East Chattanooga 1,46,408,1,8
Memphis 75-11,48,2437,3,6
1-4 Jones Cove,49,6,0,2
215 Mountain Creek 3,50,57,0,4
Houston Valley,51,9,0,1
Memphis 76-6,51,2157,3,12
1-3 Edgar Evins Park,52,5,0,0
014 Dalewood,52,857,1,9
092 Lookout Valley 2,53,15,0,0
Rosedale,53,27,2,0
4-Feb,52,1009,0,9
Memphis 82-2,54,560,0,4
Memphis 83,54,606,3,4
Memphis 11,54,1116,4,7
Memphis 59-5,54,1968,5,2
09 Eternal Life Harvest,57,349,0,16
1-2 Mt Moriah,57,944,2,5
103 Pleasant Grove 2,59,11,0,1
Happy Valley,59,14,0,3
178 Concord 6,60,61,0,12
Memphis 73-1,61,816,0,3
211 Ridgedale 2,63,177,0,9
1-Jan,64,429,1,3
21-3,62,892,4,24
Memphis 78-3,64,1858,2,13
Bolestown 4-4,65,18,0,1
Memphis 79-1,67,2444,7,11
32-2,68,487,0,13
4-1 Gibson Hall,72,27,0,0
1-Sep,72,150,2,2
Memphis 37,72,1230,3,6
National Guard,74,17,1,2
Memphis 79-3,74,2101,1,8
5-2 Braden Chapel,72,10,0,1
Memphis 74-9,75,1291,1,7
Memphis 45-2,75,2145,4,9
04 Gray City,76,6,1,3
Collins,76,26,0,2
Memphis 79-2,77,1819,2,7
7-1 UT Experiment,78,436,1,4
12 Eastport,78,1089,3,10
White Hill,79,20,0,0
Memphis 77-3,79,1648,3,5
Tarlton,80,6,0,1
19-3,78,982,1,26
Memphis 77-1,80,2239,3,11
206 Concord 7,82,56,0,6
169 Ooltewah 5,83,31,0,2
1-2 Griffith,84,42,1,4
Barnes Ridge 4-3,85,21,0,0
3-1 Beacon,88,7,0,2
182 Murray Hills 2,89,221,1,19
4 St James Baptist,89,546,0,4
5-Feb,87,755,3,8
Vale,90,18,0,5
3-4 Christian Chapel,91,9,0,1
Memphis 94-6,91,1250,2,4
2-Feb,91,1663,4,15
212 Alton Park 1,94,1380,3,47
Shiloh 4-1,96,51,1,4
5-3 Sherwood,98,19,0,0
7-2 Cumberland Gap,98,41,0,5
Guys 5-3,99,95,1,3
192 East Chattanooga 2,99,674,0,11
173 Woodmore 1,100,1180,0,11
4-2 Rock Castle,101,36,0,1
Memphis 20-3,102,1857,4,24
023 Glenwood,103,724,1,15
31 Cherokee City,104,47,0,5
20 Beaumont,104,167,1,6
5-Mar,103,2109,4,20
097 Tyner 2,107,133,0,9
17-2,107,276,1,11
1 Tiptonville SR Citizens,108,21,0,0
East Jamestown,108,30,0,5
13-4,105,113,0,11
50N West High,108,176,0,23
Ross 15,108,1662,1,14
2-Mar,106,77,0,3
19W Thrive Lonsdale,109,223,1,16
16-4,106,218,0,17
4-3 Liberty,110,17,0,4
4-1 Brush Creek,110,28,0,4
Memphis 36-2,111,1412,9,32
Memphis 60-7,111,2225,2,16
6-1 Lee Station,112,62,0,7
07 High School,112,120,2,3
3-May,110,497,4,26
5 Lane Chapel Church,114,486,0,4
4 Upper Beech,115,18,0,3
Westport,115,23,0,1
Buena Vista,115,28,1,1
Memphis 70-2,115,1286,1,9
4C Poplar Grove,116,48,0,4
Ross 14,116,1990,2,12
2A Springtown,117,37,0,0
17-3,114,670,1,29
Memphis 93-1,118,1597,3,6
1B Emmanuel,119,79,0,12
17-5,116,202,0,33
17-2,116,603,4,22
3-Jun,116,834,6,30
Memphis 31-4,120,1552,4,30
061 Ridgeside,121,120,0,21
8E Buffalo Valley,123,29,0,2
Memphis 33,123,397,2,25
094 Eastgate 1,123,469,1,39
6 Humboldt HS,124,128,1,2
Lodge,125,48,0,6
1-May,122,571,3,14
5-1 Keith Springs,127,38,0,2
F- Dyer Co Central,127,555,2,5
1-Aug,124,809,0,19
6-2 Petros,128,66,0,5
Beersheba Springs,129,40,1,5
3-Mar,126,392,0,21
5-May,126,1305,1,64
9-1 Beacon,131,15,0,1
15 John T. O'Connor,132,673,2,34
Memphis 73-3,132,1692,5,7
2-1 Liberty,134,26,0,3
Travisville 3-2,135,33,0,3
Elk Mills,138,24,1,1
Elder Mountain,138,38,0,5
139 North Chattanooga 2,138,295,0,25
1-Mar,139,331,0,7
Memphis 87-2,140,1515,2,19
9-1 Clairfield,141,48,0,1
190 Kingspoint 1,141,832,1,17
3-Jul,137,1217,1,65
Memphis 71-4,141,2367,5,18
Cross Roads,142,33,0,6
19E Thrive Lonsdale,142,440,2,11
210 Ridgedale 1,142,560,0,51
058 Harrison 1,143,135,0,5
21-2,139,1642,1,26
2-2 Gassaway,144,67,0,3
Memphis 31-2,145,1299,3,43
Macedonia,146,27,0,6
1-2 Marsh Creek,146,37,0,5
17-7,143,460,1,22
Memphis 88-4,147,921,3,2
6th,148,54,0,7
Grand Junction,148,530,3,6
3-3 Eagle Creek,149,36,0,1
5-5 White Oak,149,44,1,2
199 Downtown 1,149,176,0,23
24-4,145,561,0,57
Memphis 69-2,149,665,4,3
1-1 Dill,150,56,1,5
Memphis 72-3,150,1751,5,7
2-Jan,151,123,0,5
Cypress 5-1,152,23,0,1
191 Kingspoint 2,152,130,0,22
7-9 Middleburg,153,15,0,1
Memphis 74-2,153,2005,3,15
09 City,154,92,2,4
18-2,150,578,1,29
4-2 Howard's Quarter,155,16,0,1
Boom 4-1,156,32,0,3
2 Greasy Creek,156,36,0,1
5,156,242,1,7
2-4 Short Mountain,157,63,2,3
195 Eastdale,158,1779,2,38
01 Senior Center,159,114,0,7
16-2,156,242,3,12
208 Courthouse 1,160,527,0,47
4-3 Chestnut Ridge,162,33,0,1
Moodyville 1-2,162,35,0,2
7-2 Perryville,162,38,0,0
Memphis 70-1,162,1343,4,4
Memphis 94-3,162,2284,7,19
3-2 Paint Rock,163,22,0,6
Ripley 4,163,610,3,5
2-2 Pope,164,46,0,4
14-3,160,310,0,23
6B Bridgeforth,164,414,3,4
1-Jun,161,1108,3,77
6-1 Belk,166,42,1,6
095 Eastgate 2,167,548,0,23
Memphis 94-7,167,2477,4,23
3-2 Flatwoods,168,31,0,4
2-Oct,164,51,0,8
13 Milan Polk Clark,168,407,1,6
Memphis 90-3,168,1585,3,8
Whiteville,170,472,2,7
1-1 Jera,171,64,1,6
Memphis 17,171,837,2,49
Walden's Ridge,173,50,0,6
5-2 Towers,173,117,0,4
7-3 Denmark,173,532,1,5
7-2 Pleasantville,174,36,0,5
1-1 Civic Center,174,515,3,24
50S West High,175,286,2,18
13-2,171,256,1,23
Pelham,178,50,0,3
13 Fair Garden,178,1076,11,25
Memphis 72-7,179,1541,7,18
Central,180,47,0,5
1-2 Sparta Civic,184,64,0,3
1-Feb,184,362,1,4
4-1 Maple Grove,185,42,0,1
4-2 Deer Lodge,186,40,0,6
7-4 Coble,186,45,0,1
7 Bulls Gap Inside,186,45,0,4
Palmer,186,68,0,2
2 Clifton,187,63,0,4
30-3,183,253,1,14
8-2 Kodak,189,31,1,6
Watauga,190,39,1,6
31-1,185,597,2,28
5-Jun,185,1216,3,49
2-2 Fairfield,191,51,1,2
17-1,186,1053,5,50
16-1,187,405,0,21
30 Sarah Moore Greene,192,693,2,20
Rankin,193,34,2,3
33-1,188,67,1,10
Memphis 74-1,193,1954,1,21
Cummingsville,194,54,0,14
2-Feb,194,90,0,2
2-2 Dowelltown,195,72,0,4
10,195,159,0,3
10S Howard Baker Center,195,396,0,45
2-May,190,1516,4,71
3-4 Masseyville,196,35,0,4
1-2 Temperence Hall,196,48,0,4
Ross 16,196,2966,3,14
5-2 Pea Ridge,197,83,0,6
29-3,192,717,1,16
River Canyon,198,40,1,6
167 Collegedale 3,199,70,0,14
Memphis 94-8,200,1773,4,17
5-3 Wayne Co High,201,23,2,3
08 Willard,201,114,0,6
2-2 Mossy Grove,203,48,1,2
Purdy 3-3,204,43,0,4
Memphis 88-2,204,869,2,24
7-1 Elora,205,51,0,2
4-2 Short Mountain,205,59,0,8
1-3 Pinecrest,205,66,0,5
Olive Hill 6-3,207,24,0,1
1-6 Harmony,208,52,1,9
2-1 College Hill,209,55,1,5
Memphis 74-5,209,1354,4,7
Ross 05,209,2256,3,21
6 Clinch,210,44,1,6
Concord,210,89,1,4
04 Halltown,210,93,1,6
069 Flat Top Mountain,212,25,0,5
5-2 Nine Mile,212,34,0,6
Pocahontas,214,19,0,1
4-Jan,209,86,0,12
Henning 1,215,409,0,5
4 Dykes,216,56,0,6
Ross 13,217,2877,4,24
2-3 Pleasant Ridge,218,66,0,9
8 Midway,219,32,1,4
8-1 Edison,219,109,0,8
5-1 Beech Bethany,220,77,0,5
209 Eastside 1,220,850,3,32
Johnson Sch House,221,31,1,3
7-1 Nunnelly,221,66,0,2
LaGrange,221,158,0,3
8A Bethel,221,278,3,22
06-1 Iron City,222,55,1,10
5B Madison,222,439,1,24
2-Aug,216,765,0,30
3-6 Deanburg,223,26,0,3
1-Jun,224,96,0,3
Saulsbury,224,101,1,4
6-Mar,218,741,2,17
1-1 Nunnelly,225,73,1,5
7-4 Mercer,226,97,1,7
5-1 Elk Valley,227,25,0,4
5th,227,30,0,3
Memphis 90-2,227,1875,6,15
Oliver Springs,228,51,1,4
2-1 Pineview,229,76,0,4
4th,230,36,0,11
Little Milligan,230,38,0,3
West Fentress,231,39,1,3
6-1 Kellys,231,49,1,6
6-4 Medon,231,93,0,6
Pall Mall,232,42,0,4
Memphis 58-1,232,1355,3,13
3-1 Beech Creek,233,36,1,3
1-5 Well Springs,234,44,0,3
6-2 Keltonburg,235,83,1,7
Edith 7,236,37,0,5
7-1 Jeanette,236,67,0,14
10 Providence,237,97,0,6
085 Valdeau,237,108,0,20
3-7 Darden,238,16,1,4
17-6,233,355,2,25
1-1 Cedar Creek,240,46,0,7
Dixie Hills,240,320,2,2
2-Sep,241,259,0,6
18-1 Laneview,242,54,0,5
9-2 Summitville,242,70,1,6
Briceville,243,42,3,5
141 Concord 3,243,153,0,9
Cannon,244,60,3,2
Cedar Grove,244,76,0,7
7,244,125,1,3
028 Lake Hills,244,654,1,17
12-1 Center,245,24,0,5
1-Feb,246,75,0,4
06 Walnut Grove,247,80,1,9
11 Central UMC,247,874,4,46
005 Bonny Oaks,247,1302,2,17
16 Marvin's Chapel,248,118,0,11
2-2 Luminary,249,32,0,8
58N Pedigo,249,43,1,6
2-2 Scotts Hill,249,49,1,3
12C Brotherton,249,55,1,9
197 Downtown 2,250,952,0,63
05-2 Gandy,251,48,0,4
6-1 Central View,253,57,2,8
3-1 Coon Creek,254,61,0,8
10N Fort Sanders,254,635,3,81
12-1 Bransford,250,901,2,18
03 Beech Grove,255,59,0,9
3-1 Lone Mountain,256,50,0,11
4-3 Lobelville,257,59,1,10
Lawton 2-2,257,66,0,7
1-Jul,258,443,2,4
C3- Roellen,260,47,0,3
Whitwell Mountain,260,68,1,5
22 Fairhaven Outside,260,79,2,10
6-3 Mulberry,261,68,0,3
02 Cato,261,92,3,13
5-1 Johnson Chapel,262,43,0,6
4 Keplar,262,55,0,6
118 Apison 2,262,100,1,10
16-2,262,210,1,23
5-Oct,255,521,1,20
6-1 Holly Creek,263,31,1,4
21 Asbury,263,56,1,10
32-4,256,1137,4,37
2-14 South Haven,264,47,0,8
3rd,265,48,2,5
3-4 Rushing Springs,265,59,0,6
Haletown-Ladd,265,107,1,9
19-2,258,1026,2,75
03-2 Centerpoint,267,71,0,3
5-4 Newcomb,267,71,0,8
9-2 Viola,267,78,1,18
05 Templow,267,85,1,10
Erin,267,133,3,14
Memphis 93-3,269,1061,6,9
6-3 Blue Springs,270,61,0,3
McLemoresville,270,82,2,8
7A GCHS,270,208,1,16
5-2 Middle School,271,58,2,17
Dutch Valley,271,73,0,11
Oak Hill 4-2,271,82,0,6
1-Mar,271,95,0,6
1-Jan,272,130,0,7
8-3 Bonner,275,72,2,14
29-1,268,556,0,26
Forest Hills 03,275,2130,2,17
Cherokee,276,74,4,19
2-Apr,272,78,3,8
Saltillo 5-1,277,86,3,5
5-3 Shady Grove,277,91,2,19
30-1,271,516,2,29
5-2 Armory,279,312,2,6
Lavinia,280,42,0,6
3-3 Walnut Grove,280,96,0,5
4-2 Andrew Jackson,280,489,3,8
1-2 Grandview,283,59,3,3
McKenzie,284,106,0,5
2nd,285,34,1,3
2-1 Liberty,285,53,1,4
1-3 Mt. Crest,285,56,0,11
17 National Guard Armory,285,183,1,21
Spencer 1,286,108,0,4
19-4,279,739,4,70
McNairy 1-3,287,50,1,8
Shellmound,287,88,1,4
5-2 Burrville,288,90,2,3
Lacy,290,62,0,4
Hornsby,291,43,0,3
059 Meadowview,291,64,0,15
McBride 1,291,155,0,4
1-Jul,283,1002,2,57
Spencer 5,292,89,1,9
Conner 2,292,144,1,3
18 Lincoln Park,292,485,1,32
6-1 Lobelville,294,108,0,4
2-3 Snows Hill,295,92,1,2
5-2 Cloverdale,296,34,2,3
Luttrell,296,36,0,6
1-5 Sweet Lips,296,65,0,6
Ripley 2,296,272,2,9
5-2 Lutts,297,24,0,5
19-2 Currie,297,62,1,13
1-Apr,297,68,0,5
11-1 Midway,297,94,0,7
2-May,297,118,0,6
3-Jan,289,3194,8,32
18-2 Good Luck,298,50,0,0
2-1 Alexander,298,894,1,13
6-2 Belleville,299,52,1,6
Highland View,299,278,2,28
Leapwood 3-1,300,32,1,5
Airport 1-1,300,57,0,7
23 Westview,300,215,3,13
9-2 Hydro,301,42,1,3
Midway,301,55,1,6
3-2 Brock,288,60,1,3
2-1 Auburntown,302,88,0,5
Grassy Fork,303,60,0,3
Rocky Top,303,91,4,14
2-Apr,304,78,0,8
2-Sep,296,628,1,22
5-1 Linden,305,105,2,9
3 Celina,305,220,0,4
Highland 2-2,305,221,2,14
1-Sep,306,84,2,2
Erin Elementary,306,110,3,14
038 Northwoods 2,306,136,0,11
34-2,298,212,2,45
Memphis 36-1,306,1333,4,54
7-1 Buffalo River,307,46,0,5
3-2 Decaturville,307,98,1,6
28-2,299,1119,3,25
Lightfoot 5,308,71,0,2
6 Grassy Cove,309,57,1,9
2-3 Oakdale,309,58,1,11
043 St. Elmo 1,309,683,4,93
26-1,301,982,2,25
Southside 3-2,310,60,2,8
2-Jan,302,157,2,12
East View 5-2,311,53,0,7
3 Watterson,311,54,0,3
1-May,311,92,1,4
5-1 Parsons,311,106,1,7
5-2 Sewanee,311,827,2,25
Tennessee Ridge,312,116,0,15
025 Hixson 1,313,203,2,33
40 Embreeville,314,51,0,7
Range,314,66,1,11
Arlington,314,133,1,19
7-13 Scotts Hill,318,48,1,3
3-2 Poteet,318,118,1,3
Houston Co Middle,318,132,1,10
Forest Hills 02,318,583,1,13
4-2 Shawnettee,319,30,0,1
5-1 City Park,319,48,0,4
Walkers 2-2,319,53,0,3
Memphis 86,319,2060,8,25
Nankipoo 7,320,53,0,6
3 Dorton,321,52,0,8
3-2 Old Bells Rd #10,321,91,1,6
2-Jul,313,878,3,35
30-2,314,610,3,29
9,323,106,0,11
Silerton,324,50,1,6
5-1 Mt. Pleasant,324,101,0,7
1-Aug,324,379,1,6
Oak Ridge,324,521,0,33
Memphis 58-4,325,1337,6,24
57 Hills,326,62,1,10
4-2 Butlers Landing,327,96,2,12
1-Mar,327,97,0,13
Hollow Rock,327,107,0,6
Memphis 28,327,881,5,46
Finger 1-2,328,42,0,8
Middlesettlements,328,78,1,8
Ingleside,328,157,2,16
06 Green School,328,870,0,79
6-1 Parsons,329,70,1,6
2-Mar,329,71,1,3
1-Aug,329,77,1,3
3-2 Springville,330,69,1,3
077 Red Bank 2,330,279,1,34
4-1 Belvidere,331,82,0,11
4 Electric Co-op,331,128,1,12
Griffins Chapel,331,130,1,5
3-1 Brayton,332,36,0,5
3,332,112,1,2
2-Jun,323,1599,2,103
Mentor,333,139,0,9
5F Dry Valley,333,143,1,14
6A Martin,333,291,2,13
Stewart,334,112,0,11
4-Jul,325,1123,1,76
28-3,326,754,2,26
2 St Paul,336,137,2,20
35-2,327,176,0,11
3-Dec,336,357,4,24
35 Limestone,337,66,1,12
Coalmont,337,81,0,8
Foster Falls,339,69,0,6
01-1 St. Joseph,339,98,1,10
6-Jul,330,687,4,35
7th,340,54,0,6
2-Jun,340,93,0,9
Williston,340,136,0,8
Chanute 3-1,341,53,0,6
11-2 Heads,338,77,0,10
Armathwaite,344,47,0,3
1-1 Alder Springs,345,65,1,6
2-1 Elgin,345,68,2,3
Martin Luther King,346,507,3,22
Whites 7-1,348,64,0,5
1st,348,66,1,7
13-1,339,808,4,46
1,350,47,0,2
Gates 7,350,197,0,5
Woodland,350,286,6,28
6-Oct,341,430,1,26
10-2 Whites,351,67,0,8
184 Bakewell 1,352,71,1,4
1-2 Pinewood,352,92,2,12
3-10 Fire Sta #10,352,136,0,7
175 Airport,352,628,3,29
09-2 Mars Hill,353,67,2,5
Piney,353,101,1,10
12-2 Lucky,353,125,1,15
19 CD Stamps Center,353,212,2,11
33-4,344,578,2,20
10-1 Spring Creek,354,62,0,1
1-2 Molino,354,79,0,8
9-1 Graysville,354,94,2,12
16-2 Kenton,354,104,2,4
1-Apr,354,426,3,9
Rhodes 6-2,355,38,0,5
019 East Lake,355,568,1,21
3-2 Crazy Horse,356,49,0,4
Cerro Gordo 6-1,356,71,1,1
17 Christenberry,356,512,3,26
5-5 Samburg,357,66,0,3
1-Jan,357,193,2,12
4-Jun,348,1351,4,97
8-2 Brazil,358,68,0,8
2-2 Howell,358,92,0,14
122 Collegedale 2,358,198,0,73
49 Bearden Elementary,358,770,6,71
09-1 Ethridge,359,78,1,3
1 Courthouse,359,102,2,10
Stantonville 7-2,360,63,0,8
2-2 Goin,361,68,2,9
6-4 Gibson,361,76,0,12
144 Soddy Daisy 3,361,102,0,9
5-1 Big Cypress,362,39,0,1
Flag Pond,362,70,1,6
6-2 South,362,91,1,7
32-1,353,1794,4,34
2B Airport,364,123,0,9
4,365,69,1,7
3A University,365,294,2,38
Arp 6,367,104,3,8
01-2 West Loretto,367,151,3,14
Memphis 88-3,367,1514,8,35
Community Center 1-1,369,94,0,5
16-1 Rotary Park,369,144,0,13
New Hope,370,100,2,10
18-4,360,1406,4,69
06-2 West Point,371,97,0,11
2-1 Jacks Creek,372,66,0,5
Fall Creek Falls,372,91,0,2
166 Summit 2,372,214,2,33
3A Trade,373,79,1,7
10-2 Centertown CIC,373,109,1,8
32-3,363,1078,2,48
C1- Tatumville,375,47,0,6
Calhoun,375,117,1,12
5-2 Habersham,376,53,0,9
8-2 South Lincoln,376,84,1,4
2-Sep,370,103,2,5
2-3 Petersburg,378,58,0,5
1-3 Taft,378,68,2,15
7-3 Kelso,378,76,0,3
1-Apr,378,83,3,6
5-1 Mall,378,226,1,10
Moscow,378,502,0,7
2-1 Cold Springs,379,98,0,9
7-12 Sardis,380,19,0,8
1-2 Enville,380,82,0,7
3 Courthouse,380,109,0,9
Memphis 16-3,380,1329,0,53
2-3 Sandlick,381,77,0,10
11,381,85,2,13
Braden,381,477,2,7
12 Princeton,383,94,1,8
1-Jun,383,120,1,9
6-1 City Hall,383,169,0,12
Toone,383,212,1,6
Paint Rock,384,68,2,16
2,384,70,0,4
6 Crab Orchard,384,72,2,6
3 Ducktown,384,88,0,10
3-1 City Hall,384,126,0,11
20-2,374,759,3,99
7 Rinnie,385,41,0,4
Central,385,55,0,11
2-Nov,385,58,2,12
3-3 West LaFollette,385,113,3,8
12-1 Northside,385,122,2,9
17-4,375,1316,2,102
Cocke County High,387,78,1,6
6A Trinity,388,338,1,22
2-2 Robbins,389,61,0,8
2-3 Monroe,390,88,1,1
1-Feb,390,88,1,14
College Hill 3-1,391,1288,2,18
Walnut Grove 7-2,392,58,1,6
3-1 Cedar Grove,375,80,0,3
Monteagle,393,137,1,8
4-1 Woodland Park,394,70,1,9
Courthouse,395,101,0,9
16-1 Yorkville,396,78,0,1
5-Jul,386,829,0,61
Bridgeport,397,71,1,10
Glen Alice,397,95,3,9
2 Forge/Shouns,398,77,1,7
Fishery,399,84,0,6
8B Barkers Mill,402,618,1,49
6,403,89,0,9
8G Upperman,403,108,1,11
Memphis 81-5,403,1307,4,30
12-2 Henryville,404,71,2,9
3-1 Westwood,404,168,2,22
2-2 Woodland Park,405,126,3,9
Monteagle,407,198,0,17
Memphis 62,407,553,6,8
4-1 Grove,408,358,3,16
31 Chilhowee,408,615,0,41
7 Bulls Gap Outside,409,58,0,11
24-3,398,683,0,57
39 New Salem,410,85,1,3
4-Apr,411,310,1,27
8-4 East Union,412,176,1,9
Norris,412,365,3,34
14 Milan 1stAssembly,413,216,3,11
8-1 Beech Bluff,414,98,2,6
4-1 Pikeville,414,198,1,9
48 Pond Gap,414,518,1,67
Emory Heights,416,89,3,11
Armory,419,93,2,7
6 Daus,419,93,0,13
30-4,408,770,2,34
Garnett,420,197,1,7
Hickory Valley,420,297,1,8
21A Cumberland,420,582,6,33
7-11 Reagan,421,45,0,1
8D Boma,421,101,1,10
Memphis 20-1,421,1585,3,88
Olivet 1-2,422,72,0,4
12,422,115,1,4
1-Jul,423,77,1,6
21-4,412,932,2,121
06 Carthage,425,235,2,9
Bolivar,426,701,4,10
11-5 Skullbone,427,48,0,6
8,427,84,0,11
24-5,416,943,0,78
Long Creek,428,77,1,11
2 Hermitage Springs,429,89,0,14
6-2 Obion Sr Ctr,429,104,0,4
5 Rogersville No In,430,110,1,15
7-1 Catlettsburg,431,64,0,7
13-2 Grace Baptist,434,72,1,11
03-1 SE Lawrence,434,100,0,8
26-4,423,339,0,61
1-Mar,435,78,1,6
7 Justice Center,436,126,1,9
1-Feb,437,97,3,7
High School 2-1,437,168,1,10
Cedar Grove,438,103,1,5
3-2 Courthouse,438,140,0,9
Bruceton,438,142,1,11
1-Oct,438,450,0,8
Temple Hill,440,86,0,3
1-Sep,429,1117,1,49
Memphis 44-5,440,1190,4,47
8-1 Parsons,441,89,0,4
11-4 Union Central,442,58,1,7
1-3 Buchanan,442,69,0,7
Siam,442,73,1,9
77 Ramsey,442,191,0,18
Atwood,442,194,2,8
4-1 Decaturville,443,154,0,10
Lucy 03,443,520,2,25
Central,444,142,1,15
5-1 Bellview,445,54,2,11
78 Riverdale,445,97,4,15
Rockwood Ward 1,445,170,4,22
4B Butler,447,51,0,10
Emory,447,112,0,7
TCAT,447,228,0,12
8-1 Rogers Mill,448,60,1,5
1-Apr,448,74,2,7
6 Alum Well,450,60,0,7
4A Dry Run,451,73,1,8
4-Jan,451,130,2,19
2-Apr,439,701,4,72
15-4,440,520,2,54
Clinton Middle,453,87,1,9
Midtown,453,133,3,15
Limestone Cove,454,115,1,11
Lafayette,455,104,0,4
7 Hardison,455,334,3,17
McConnell's,455,827,3,13
18-3,443,1809,2,135
1-1 Dunbar,456,133,0,11
093 Concord 2,457,353,3,35
5 Motlow College,458,108,1,12
186 Middle Valley 2,458,108,1,28
3-2 Smartt,458,161,1,21
6-1 Alto/Oak Grove,458,176,2,6
1-2 Beaver,458,178,0,8
6B Bethel,459,110,0,11
3-2 Rigsby,461,61,1,11
I1- Community Center,461,185,0,14
1-May,461,201,0,8
34 Fountain City Library,465,445,3,51
042 Riverview,465,589,1,83
Del Rio,466,84,0,10
Trezevant,466,138,1,15
1-May,467,90,1,7
Pine Haven,467,97,4,9
Bethel Springs 1-1,468,137,0,5
4B Monterey City,469,185,3,10
28 South Side,469,565,2,53
7-3 Brushy,470,137,2,5
3A Copper Basin,471,77,1,10
012 Concord 1,471,284,1,39
187 Falling Water,472,124,0,30
4-3 Liberty,473,80,0,7
4 Lynchburg,473,97,3,17
3B Turtletown,473,108,1,10
Altamont,473,131,0,16
21-2,465,125,0,15
05-1 Leoma,475,82,1,5
Senior Citizens,475,245,2,9
8-1 Decherd,475,271,0,15
20-1,467,432,3,23
1 Dentons Cross Road,478,100,0,5
1-Jun,478,281,1,3
2-2 Airport,479,118,2,8
Midway,480,39,0,6
031 Missionary Ridge,481,556,3,60
9-1 Pocahontas,482,102,1,10
5A Smith,482,477,5,32
10,483,88,1,10
Edgemont,483,94,1,8
5-1 Big Spring Union,484,72,0,9
2 Cagle,486,87,2,16
1-1 Indian Mound,468,151,1,19
West End,487,124,0,9
7-2 Ovilla,488,65,2,2
6 Ozone-Pineview,488,116,0,11
08-2 HATS,480,134,4,6
6-1 East Side,490,374,4,24
Rose Creek 4-2,491,79,1,8
36 West View,491,84,1,14
1-Apr,491,242,1,17
3-4 MLEC,492,341,3,26
22-4,479,567,5,58
140 Harrison 4,493,159,0,21
21-1,484,189,1,18
007 Brainerd Hills,493,581,1,58
3-2 Kenton,494,94,0,6
Paw Paw,494,94,0,13
8,495,98,0,22
07-2 Stroudsville,488,112,3,11
Robertsville,496,434,7,46
4-4 Ridgewood,497,132,4,16
3-1 Bumpus Mills,479,129,1,22
4-Nov,484,518,1,42
6-2 Lusk,499,168,1,9
31-2,486,1007,2,71
8-2 Vanbebber Sprngs,500,105,1,10
4-2 City Hall,501,438,1,22
Forest Hill,503,81,3,6
19 Leesburg,504,125,1,12
Marlow,505,111,3,13
4-1 Collinwood,506,74,1,5
13-1 Blanton's Chapel,506,125,0,14
3 Moore County Bldg,507,101,1,16
1-2 Demory,507,109,1,13
Ramer 5-4,508,125,1,6
9 Courthouse,508,157,0,11
1-Jun,508,167,0,17
Morris Chapel 5-2,510,83,2,14
Westside,511,119,1,10
27 Keystone,513,375,1,45
Library 9-1,514,112,1,14
5-1 Woodbury,514,240,3,20
6 Shady,515,84,0,5
2 McPheeter's Bend,515,116,1,8
7-1 Church of Christ,515,203,1,11
1-Jul,505,199,2,50
7-3 Walnut Grove,516,126,1,21
28-1,503,1343,8,43
4 Rogersville No Out,517,81,3,17
9 Fredonia,517,149,0,16
Pellissippi Campus,518,117,1,18
Lenoir City Outside,519,123,4,27
7B Rec Center,519,345,3,10
I2- Hurricane Hill,520,77,1,8
08-1 Krisle,512,114,0,12
1-Oct,507,187,2,17
3-1 Recreation Center,522,267,0,21
3 Big Lick,523,121,0,7
10B Sycamore,523,306,1,42
Cross Roads,524,80,0,6
32 Spring Hill,525,524,4,32
Smoky Mountain,526,145,3,7
5-1 Greenbrier,526,148,2,8
North Selmer 4-1,526,150,1,11
Northeast 3-2,527,227,0,10
6-1 Caney Fork,527,272,4,21
2 High School,528,88,0,16
16 Rutherford,528,155,2,6
1B Prospect,528,179,1,5
Fayette Corner,528,248,0,8
6-3 UTSI,529,142,2,12
Kimball,529,226,1,9
24-2,516,845,5,71
Tinchtown,531,86,0,17
14-1 Crawfish Valley,531,151,0,11
A2- Fowlkes,532,99,0,7
23 Woodland,532,200,1,29
171 Murray Hills 1,532,696,2,42
2-1 Ag Fair Complex,533,175,0,10
3-Nov,519,517,3,31
11-2 Moore's Chapel,534,98,2,13
2-2 Mansfield,535,167,0,6
Harold McCormick,535,219,1,24
Nixon 2-1,536,71,0,6
1-Jan,536,288,3,22
4 Meigs North,537,167,0,10
Davis,539,82,1,11
1-Nov,539,116,0,22
17-1 Bradford,539,153,2,12
7-1 Cumberland City,520,178,3,19
1-2 Sitka,541,89,2,11
4 Bakers,542,95,1,8
2-2 East LaFollette,542,185,5,13
1-Oct,543,93,0,7
Fairview,543,117,1,12
Northport,543,147,1,16
1-Apr,543,177,0,23
035 North Chattanooga 1,546,761,1,92
25-4,532,1153,0,132
Community Center,547,97,0,11
92 Gap Creek,547,111,1,35
Banner Springs,550,91,0,12
1A Polk Co High,550,152,0,15
2-Apr,550,463,0,29
5 Middle School,551,180,3,18
E1- Finley,552,108,0,8
39 Inskip Rec Center,553,344,3,47
032 Moccasin Bend,553,716,1,100
68E East Cedar Bluff,554,577,1,74
9-2 Waldens Ridge,555,90,2,11
6-2 Capitol Hill,555,145,1,18
11-2 Pittman Center,555,169,0,19
Renfro,556,136,0,14
11-2 Hwy 56 North,556,157,2,15
1 Delano,557,158,0,18
3-2 Montezuma,559,93,0,12
2-1 Boonshill,559,127,0,15
Red Boiling Springs,559,139,3,14
Memphis 89-1,559,735,5,21
5 Nolachuckey,561,98,0,11
Central 6,561,136,0,10
7-2 Fruitland,561,193,2,3
8 Lone Oak,562,137,1,20
2-1 Big Rock,541,131,1,17
006 Brainerd,565,744,3,77
5B Agri Park,566,146,0,9
1-Feb,567,164,1,17
08 Elmwood,567,183,2,15
5-2 Winfield,568,70,1,6
29-2,553,1312,5,57
4-4 Springdale,571,109,2,14
5-1 Calvary,571,124,2,14
2-Jan,571,142,0,9
3-2 Huntland,571,147,0,6
4-1 Church Street,550,138,0,21
3-3 Wilson,573,94,1,6
Gruetli-Laager,573,145,4,5
10-1 Centertown UMC,573,199,1,14
Maryville College,574,352,2,46
3-1 Board of Educ,574,580,2,19
3-1 CCHS,575,98,1,13
1A Laurel,576,107,1,14
5-1 Dayton North,576,184,1,25
3-1 Wolf Creek,578,73,1,11
6-1 Dayton West,578,188,6,20
Lucy 01,578,338,3,20
1B Cold Springs,579,109,2,9
C2- Trimble,583,88,3,11
1-1 Alexandria,583,160,0,16
2-Feb,583,191,1,15
194 Northgate 1,583,397,1,35
1-1 Bargerton,584,143,1,14
5-2 County Complex,584,176,3,14
4-Mar,569,1986,0,53
24-1,570,1488,3,128
5-1 Visitors Center,565,228,3,24
5 Lantana,587,163,1,21
26 North Side,587,674,6,43
6 TN Vocational Center,589,154,1,20
Clarksburg,591,85,0,9
Allardt,591,127,3,9
Walland,591,151,0,16
2 Courthouse,594,340,1,13
8-3 Mifflin,596,98,0,10
2 Humboldt Church,596,177,0,22
2-Apr,597,108,0,13
17-1 Sowell,598,199,0,13
Memphis 89-2,598,1020,1,35
13 Byrns Darden,598,1054,7,61
1B Latham,599,102,1,10
Parks,599,242,1,4
3-3 Fire Station #4,600,103,1,12
3A Richland Trace,602,138,1,10
1-1 Sparta Civic,602,237,4,15
3-Dec,586,767,7,53
Cordova 04,603,653,2,21
Memphis 87-4,603,1224,2,29
7-2 Flintville,605,110,1,13
2-3 Oakland,606,114,1,12
10-1 Howards,606,133,2,18
1-May,606,139,1,15
2-1 Luttrell,579,92,1,14
1-Feb,607,287,2,18
Memphis 02,608,1811,1,102
4B WR Event Center,609,396,0,42
5-3 Jellico,610,215,1,16
6-2 South Gate,611,62,2,10
3-2 Evensville North,611,116,4,10
Memphis 53-1,611,968,4,43
18 First Christian,614,233,1,32
Memphis 87-3,614,2141,1,39
1-2 Compassion Church,615,198,5,13
Memphis 16-1,615,1951,5,103
2-3 East Bank,616,250,1,12
1 Lewis Chapel,618,107,3,16
1 Eastview,619,104,1,16
07 South Carthage,619,211,1,23
27-1,604,945,7,66
1A Palmersville,621,117,2,8
8-2 Browns,621,219,1,19
8 Pleasant Hill,621,269,1,15
3-1 Huntsville,622,125,2,10
38 South Central,622,146,2,9
6-1 Public Library,599,181,4,18
41 Norwood,622,447,4,51
3 Linary,623,125,1,20
3,623,155,4,23
5-Sep,623,190,0,24
4-1 TSU,623,259,2,33
3-1 Broadview,624,156,0,16
2-Aug,625,216,2,27
1-1 Civic Center,628,269,3,24
7-1 Plainview,601,120,1,10
01 Fall Branch,631,115,0,21
Ripley 3,631,515,3,11
2-1 Courthouse,633,236,4,36
089 Ooltewah 2,633,373,2,37
27 South Knox,633,441,3,61
2-1 Eddie Cox Sr Ctr,634,194,0,16
037 Northwoods 1,636,367,0,37
7-2 TN Tech Ctr,637,433,4,17
37 Lamar,638,112,0,14
3 Wallace,638,134,0,14
Philadelphia,639,122,1,17
1 Ada Wright CC,639,261,3,24
1-Dec,639,465,3,45
2-1 Oakdale High,641,61,0,5
Hampton,641,73,1,9
Sequatchie,641,173,1,12
5-3 North Parkway,641,1054,1,32
5A Cookeville CC,642,186,1,24
Everett,643,307,2,47
Central,644,128,1,11
15 Milan Municipal,644,205,1,19
1-Mar,627,225,1,19
4-2 FNB,645,145,1,13
5-2 Museum,646,334,0,32
20 Sr Citizens Center,647,284,3,24
5 Vandever,648,98,1,13
18-1 E. O. Coffman,648,149,1,14
Fairground 10-1,648,185,3,12
25 Millennium,648,750,5,73
12,649,78,2,15
5-1 Hilham,649,210,0,9
D2- Bogota,650,106,1,8
10-3 DuPont,651,140,0,18
79 Dora Kennedy,651,175,3,31
1-Jan,651,228,0,25
076 Red Bank 1,651,643,1,90
10 Mt. Ararat,652,180,0,17
5-6 Wildwood,652,278,2,22
2-Jul,639,276,1,27
4 Surgoinsville In,653,139,1,10
5 Ten Mile,654,157,0,13
10 Agri-Plex,654,565,0,21
3 Lake Co Middle,655,216,4,5
3-1 East CC,655,219,3,19
2B St B CC,655,337,1,44
6-3 Malesus,656,139,0,12
074 Mowbray,656,144,0,22
2-2 Friendship,657,107,0,6
4-Aug,641,1008,5,39
5-5 Normandy,659,146,0,17
5-1 Sunbright,660,101,0,6
4 First Baptist,661,298,1,20
8-5 Lesters,663,172,2,8
3 Bailey Park,664,194,0,14
5C,666,98,0,22
Keenburg,666,139,0,17
3B Campbellsville,666,150,1,16
County Junior High,667,113,2,12
4-1 Eastside,667,160,1,10
4-1 Big Ridge,636,152,1,14
7D Twin Oak,668,124,0,21
11 Fredonia,668,177,0,30
21 Wilson Ave,668,296,1,34
1-Jan,669,92,3,11
5-2 Fairgrounds,669,203,3,12
Clarkrange,671,121,1,8
5 Rogersville So In,671,145,4,8
8-1 Fairview,671,183,1,23
1-Sep,672,117,0,10
A1- Bonicord,672,128,1,11
Memphis 95-7,672,929,4,41
5-1 Sharp Chapel,642,123,3,14
4 Surgoinsville Out,673,142,2,11
Cordova 05,673,1449,10,54
South Clinton,674,177,1,30
Gallaway,674,316,2,11
5 South Greene,676,118,0,12
086 Walden,676,350,1,47
Crossroads,679,114,0,8
Newport Grammar,680,185,0,30
20B Barksdale,680,486,3,56
4B Odd Fellows Hall,681,137,0,9
3B Neva,682,125,1,7
G- Courthouse,683,305,2,15
6-7 South McEwen,684,242,0,29
9-1 Morrison,684,261,2,21
2-3 WFCN,684,314,2,18
029 Lupton City,684,543,1,50
4-1 Lancing,685,113,4,10
E2- Lenox,687,59,0,9
Germantown 12,687,244,1,29
2-1 Clouds,688,94,1,12
Armory,688,122,0,10
2-3 Montessori,690,699,2,46
Unaka,691,134,1,12
4-4 Union,691,675,1,22
Grimsley,692,108,1,9
5 Chapel Hill,692,117,1,17
11-1 Summertown,693,124,0,11
5 Doe,693,124,3,12
3-2 Liberty,693,135,2,20
1-Aug,693,411,3,27
071 Lakesite,695,182,1,43
43 West Haven,695,557,2,74
7 City,696,159,1,23
052 Collegedale 1,698,270,0,81
Big Springs,699,113,1,22
02-1 Loretto Civ Ctr,701,207,1,20
6 Chestnut Hill,702,175,2,15
2-May,702,969,10,62
Dyllis,703,160,3,17
Crump 4-2,704,100,1,11
Santa Fe 6-1,704,140,2,13
6 Choptack,705,116,1,16
5-1 East Chester,706,330,0,24
Memphis 01,706,2057,5,104
County High School,707,82,1,7
42 Pleasant Ridge,709,487,3,79
4 Tabor,710,110,1,16
2 Meigs South,710,162,1,18
1-1 Blanche,712,110,1,13
Eastside,712,146,1,16
29 Anderson,712,466,2,66
3-1 Church of God,713,230,2,14
Counce 3-1,714,144,0,10
04 Rock City,715,168,0,29
Willette,716,79,1,6
1-2 Cottage Grove,716,169,3,27
2-Dec,719,218,0,19
4-3 Courthouse,719,265,0,25
3-Apr,719,482,1,37
Rally Hill 11-1,722,196,1,28
14-5,703,853,4,91
5 Hillsboro,723,217,1,11
4 Courthouse,723,237,3,28
Jones Chapel,725,92,2,8
3 Camden City Hall,725,228,2,15
8-2 Swannsylvania,727,146,2,18
33 Richard Yoakley,728,583,6,57
7 Forest Mill,732,192,1,19
Loudon Mt Zion,733,248,3,21
02 Tanglewood,733,263,0,30
2-Jan,734,111,0,5
19-1,716,1172,2,116
1-Dec,737,238,1,42
Parrottsville,739,141,1,15
193 Northgate 2,739,449,3,54
Memphis 96-1,739,1211,6,49
West Hills,740,574,2,70
17-1,743,971,2,105
8-1 Thomas,744,436,2,16
4-1 Maranatha,745,142,2,10
Cave Creek,747,166,5,29
27-2,728,895,1,125
Pine Valley,748,606,5,84
01 Defeated,749,170,0,24
213 Lookout Mountain,750,376,1,57
2-May,751,96,5,19
1A Ardmore,751,203,2,8
2D Shiloh Baptist,752,175,0,22
3-Jan,754,244,2,33
172 Dallas 2,755,173,2,41
1 Waynesboro,757,139,2,8
3-Feb,759,149,2,30
12B Algood Outside,759,173,1,17
33 Telford,760,160,1,22
5 Library,760,270,2,15
6 Parkview,760,319,3,29
1 Allandale Inside,761,291,1,43
5A Martin CoC,761,405,1,36
21-1,762,1227,5,95
19-1 Dyer,763,332,4,23
Glenwood,763,608,4,75
3-Aug,743,1484,6,74
2-Mar,764,270,4,22
2C South Polk,765,158,0,15
08-3 Owens Chapel,753,182,1,19
35 Shannondale,765,552,1,57
4-1 Fair Grounds,766,574,1,28
South Pittsburg,766,592,2,26
Whitwell,767,182,0,14
26 Dogwood,767,1116,5,103
Harriman Ward 1,768,316,5,29
34 New Victory,769,205,2,17
9 Outlaw,769,931,7,80
2-Dec,755,213,2,29
4-2 Bondecroft,772,178,0,15
2-1 Allons,772,281,4,12
H- E. Dyersburg,772,284,2,15
4-5 NJMC,773,293,3,25
32 Cherokee Out,775,177,4,24
South Harriman,776,208,3,24
1-Mar,777,153,1,19
18-1,777,1189,8,101
12 Milan CPC,778,140,0,22
07-1 Lawrenceburg,778,186,2,18
3 Trinity,778,262,4,25
4-Feb,781,185,0,24
5-4 Hornbeak,782,94,1,10
4 Camden Elementary,782,247,4,13
1-Mar,783,307,4,29
2 Camden Jr High,784,265,1,18
6-1 Oneida,787,138,1,5
14,790,130,0,10
4-2 Cowan,790,269,1,18
Welcome Center,792,106,1,11
Clinton High,792,279,2,33
Memphis 68-1,793,695,5,60
87 Thorngrove,794,158,0,17
1-2 Bell Buckle,794,213,1,42
3-3 J-CIL,795,374,0,27
1-1 Fairview,797,141,2,13
3-2 Woodland,797,153,2,23
6 McDonald,798,124,2,11
080 Sale Creek,799,132,0,16
7 Strahl/Cherokee,799,158,2,19
3-Sep,779,1617,4,43
14 Bowmantown,801,135,1,23
18 Fairmont,801,384,1,34
1 Baileyton,803,170,0,17
7-1 Friendship,803,309,3,16
7 St. Clair,804,129,1,12
2-Sep,804,131,0,16
Riverside 1-1,805,385,3,25
13-1 West End,806,117,0,17
1-3 Jones Cove,806,144,2,14
7 High School,806,451,3,42
6 Mooresburg,807,161,0,17
Bethel College,807,208,2,25
North Clinton,809,245,2,30
82 Ellistown,811,410,5,45
2-Mar,812,102,2,16
8 Lewisburg Gas,812,323,3,23
6-1 Paulette,776,166,3,21
Fairview,813,187,1,32
33-2,792,1715,6,49
10 Jeff City Fire Dp,816,336,3,52
Eureka,818,265,2,17
6-4 Black Fox,819,123,1,32
1 West Pines,819,149,2,23
6 Big Sandy,819,251,1,13
4-Dec,798,843,2,67
7 Mayland,820,160,1,16
04-1 Crossroads,821,122,0,12
12 North Coffee,821,176,2,21
180 Harrison 5,822,211,2,27
14 Hickerson,822,236,1,15
Powells Crossroad,823,188,2,28
25-2,809,299,4,32
4A Lynnville,826,177,1,16
11 Northwest,826,903,8,82
204 Collegedale 4,828,289,3,71
11B Cookeville High,829,325,0,38
3-1 New Center,830,178,1,25
1-1 Puryear,830,220,1,20
06-2 Mt. Sharon,818,177,3,25
096 Westview 3,831,334,4,36
4-1 Lake Benson,832,204,5,30
05 Gordonsville,832,246,1,21
15-2,811,717,2,93
15-1 David Crockett,835,161,2,18
2-Jun,835,234,3,30
Rossville,835,486,0,19
4-3 Jacksboro,836,168,4,27
Huntingdon,836,230,3,19
203 Summit 3,836,255,0,48
2-4 Woodland,837,118,1,14
7-1 Deery Eakin,837,445,1,34
Hampshire 7-2,838,168,0,17
1-Nov,839,460,3,41
Forest Hills 01,840,907,1,29
West End 1-2,842,429,3,65
Piperton,844,244,1,11
1 Holladay,846,213,2,9
5A TCAT,846,238,1,13
1-Dec,831,206,4,22
Tracy City,848,213,5,17
4-3 Sycamore,848,230,2,32
9,849,186,0,7
80 Corryton,849,199,2,18
3 Homestead,849,201,0,29
Hendrix Creek,849,784,3,77
E K Baker,853,125,4,12
2A Minor Hill,854,168,0,24
03 New Middleton,854,213,0,20
Halls 8,854,353,2,14
Friendsville,855,176,0,27
054 East Ridge 2,857,622,1,72
27-3,835,913,4,118
Glendale,859,172,0,23
03-1 Ebenezer,845,173,2,26
7-8 North McEwen,859,237,1,27
High School,859,249,2,35
2-2 Aldersgate,859,559,3,42
Oak Hills,859,779,5,81
1-1 NE Covington,860,1100,6,15
2-Oct,861,859,4,92
Memphis 95-6,861,996,3,44
40 Norwood,863,575,4,64
Mountain View,864,184,5,28
10A Pavilion,865,250,1,27
22-1,845,750,2,67
West Bolivar,867,1187,3,17
1-1 Spring City North,869,213,6,29
1-Sep,852,400,2,36
4-Oct,846,1204,3,40
Culleoka 8-2,871,193,0,16
1B Chilhowee,872,263,2,13
34-4,850,793,2,63
2-3 LaFollette ES,874,190,4,23
Love Chapel,876,167,1,21
30 Grace,876,682,1,63
3-Oct,854,715,5,52
24Q Sequoyah Hills,881,1125,4,107
Miser Station,883,291,1,40
8 New Union,885,187,1,42
Centerview,886,122,2,12
6-3 Waterville,886,193,0,26
8F Cornerstone,886,200,3,18
2,889,363,7,22
D1- Millsfield,891,105,0,11
1-1 UCHS,852,135,1,26
6-1 South Side,896,323,3,19
7 Woody,897,135,0,24
76 Sunnyview,897,301,1,38
15 Grace Baptist,897,323,3,28
Rockford,898,377,2,36
Somerville City,898,757,1,16
56 Heiskell,899,210,1,35
6-1 Justice Center,901,401,1,25
26-2,878,868,0,100
4A Burks,904,217,3,21
Courthouse,905,179,3,19
10 Minglewood,905,851,3,80
Orchard View,906,191,1,40
Edwina,907,133,1,14
4-1 Evensville South,909,174,2,19
4-Sep,911,335,0,50
33-3,887,2491,3,68
2-Feb,912,182,1,12
1-Jun,912,301,2,24
5-2 TN Tech Center,912,403,2,24
198 Stuart Heights,912,1019,2,124
Norwood,915,266,5,40
1 Ottway,919,167,0,21
Adamsville 2-1,920,174,1,20
North City,920,335,5,30
Middleton,922,191,0,10
6-2 Cassville,923,178,3,12
29-4,899,1810,2,79
8-1 Chestnut Hill,924,254,1,24
Elba,924,324,0,18
Rogers Creek,925,171,6,14
4-1 Caryville,928,199,2,32
08 B.C. West,928,243,0,34
3 Belfast,930,238,2,26
9 McKnight Center,932,396,4,30
Memphis 67-3,937,513,0,62
2-Nov,937,843,5,98
1-Dec,915,786,6,70
3-2 New Tazewell,940,229,4,31
2-1 Spring City South,941,268,3,23
6-1 Fayetteville CPC,943,286,2,31
4-1 Helenwood,944,137,0,9
2-1 Henry,944,231,0,19
8-2 Estill Springs,944,257,5,29
16-1,944,1108,2,117
08-1 New Prospect,947,186,2,19
5-5 TN Tech Center,912,248,1,18
Collierville 07,948,1479,4,46
Cosby,949,161,1,28
3-4 Rives,949,165,0,17
36 Gresham,953,731,7,86
25 South Knox CC,953,988,5,108
5 Rogersville So Out,954,180,1,23
William Blount HS,954,238,2,47
13 Stratton,954,620,3,55
4 Oak Hill,963,200,1,25
4-6 Civic Center,965,342,6,29
3-1 Wartburg,966,215,2,31
Rockwood Ward 2,968,355,2,34
23-2,943,1430,2,115
5-Jan,969,333,4,57
14-1,945,1167,4,93
Greenback,972,193,0,28
Morning Sun 01,972,2292,6,57
Michie 7-1,973,160,0,12
1-1 Wartrace,974,230,2,27
Rock Creek,975,215,2,17
26-3,950,1217,8,140
16 New Providence,979,898,13,64
Memphis 66,979,1230,3,106
24-6,956,1334,2,125
1-1 Coalfield,982,180,2,29
25-2,957,1093,0,95
16 Lion's Club,983,366,1,62
046 Tyner 1,983,892,2,55
Memphis 45-4,983,1946,7,141
Chilhowee View,984,290,3,30
5 Recreation Center,984,431,4,30
11 Indian Trail,984,501,4,55
Central,986,206,2,21
9A Dresden,986,307,2,18
8-3 Underwood,987,209,3,41
Eads,987,328,3,25
1 Livingston,988,499,3,27
Valley Forge,989,161,2,17
Morning Sun 02,990,783,4,35
Theta 6-3,994,303,0,47
25-1,969,1381,3,149
16-3,996,701,1,69
3-1 Lee University,998,518,3,79
15-3,972,813,6,88
2-Dec,999,608,3,56
23-3,975,1122,4,114
1-1 Westside,1003,231,0,25
North 8-1,1004,293,0,18
Beech Grove,1005,518,3,79
5-1 Henry Co High,1006,291,4,24
Memphis 95-5,1008,914,2,50
5-1 Doyle Civic,1009,220,3,13
7-1 North Lake,1010,257,1,34
9-2 Southside,1011,385,6,31
7C,1013,230,1,32
7-2 CG/Winchester Springs,1016,217,0,17
1-4 Valley View,1019,199,1,18
9-3 Three Way,1019,293,3,25
2-Oct,1020,191,1,26
12A Algood Inside,1020,373,1,38
12 Ringgold,1020,1165,5,119
Townsend,1021,336,2,35
4-3 Festivities,1022,460,2,28
85 Skaggston,1026,263,3,25
5-2 Senior Center,1028,279,2,35
1-Apr,1031,394,3,32
Neapolis 5-2,1033,332,2,47
Emory Valley,1034,894,1,88
Memphis 95-1,1037,1278,6,60
11-3 Millersville,138,388,5,53
1-Sep,1039,402,5,40
200 Signal Mountain 2,1039,690,2,95
Memphis 46-2,1039,1174,2,108
High School,1040,320,4,42
1-Jul,1042,349,4,42
Tiger Valley,1043,142,1,18
6,1046,241,1,23
1-May,1048,316,0,44
2-15 Westover,1049,143,0,28
3-1 Russwood,1049,260,0,15
Memphis 81-7,1049,1881,3,71
23-4,1024,627,2,107
9B,1053,405,3,64
3-2 Jacksboro Sta,1054,207,3,30
189 DuPont,1055,612,1,81
4-Aug,1058,380,2,61
3A Greenfield,1060,263,2,18
8A Martin FUMC,1063,381,6,25
4 Cornersville,1064,227,2,21
4-3 Cottontown,1065,250,4,31
16 Larry Cox Sr Center,1069,1484,9,126
Loudon Outside,1070,236,6,32
17 Grace,1070,1048,7,132
1-May,1071,755,8,88
86 Carter,1074,242,5,41
B- Newbern,1075,268,5,26
65N Concord North,1076,568,3,100
2 Henry Horton Park,1078,289,1,46
Lawnville,1081,255,3,55
170 Snowhill 1,1082,287,2,44
8 Pomona,1086,209,1,13
Louisville,1087,370,1,60
Spring Hill MS 6-2,1087,372,1,28
5C Prescott South,1089,275,1,35
Kingston Ward 2,1095,359,4,37
16-3,1068,2057,10,202
7-2 Catlettsburg,1100,238,0,44
Oak Street,1100,300,5,45
4-1 West Chester,1101,218,4,27
11A Bangham,1101,282,0,34
7-1 West Oneida,1110,124,2,16
Maryville Municipal,1114,480,2,64
5-1 FB Gallatin,1114,603,3,42
Bigbyville 9-1,1115,257,1,25
6-1 Harrogate,1116,242,1,24
2-2 Waldens Creek,1118,242,0,31
11-1 Beech,1119,305,0,36
24-1,1097,431,0,46
11B,1121,605,5,62
24 Henry Johnson,1121,641,5,61
1-1 McDonald,1122,195,1,39
05 B.C. East,1126,291,5,43
35-4,1097,979,2,94
Memphis 67-1,1127,877,4,112
Lanier,1128,222,2,27
7-1 Arthur,1128,247,3,26
Memphis 91-2,1128,1336,6,74
Courthouse SE 6-1,1130,329,0,27
03-2 Heritage,1115,195,1,45
2A Gleason,1134,203,4,16
4-1 West Cheatham,1134,307,2,41
8-1 Lincoln,1137,168,2,15
Germantown 08,1137,481,1,52
Westside,1139,293,1,26
25-3,1111,1406,6,123
25-1,1122,362,2,68
Memphis 95-8,1144,1631,2,48
44 Ridgedale,1145,861,1,122
02 Harmony,1146,206,1,22
8-1 Garrison,1146,245,1,34
181 Concord 4,1147,835,1,65
29 Fairhaven Inside,1148,591,4,58
Glen Alpine,1149,304,3,48
1-1 Tazewell,1153,330,1,20
7A Martin Shepherd's,1154,410,4,41
Lakeland 02,1155,417,8,46
14-2,1126,846,5,72
067 Fairmount,1159,454,1,84
11-1 Westside,1142,520,3,43
34-5,1134,972,2,106
18 Hazelwood,1167,1225,8,141
31-3,1137,1394,3,166
Porter,1169,259,0,44
1 Chapel Hill,1169,295,1,34
22-2,1140,1519,1,144
51 Deane Hill Rec Ctr,1173,749,2,100
19-1,1153,488,2,51
5-2 Guild,1179,770,5,67
34-1,1149,1276,0,134
Civic Center,1182,400,3,36
Heritage,1184,261,2,27
6-1 Troy Sr Ctr,1186,155,1,25
1-Nov,1190,799,1,60
Fairview,1196,329,2,30
Englewood,1197,291,6,27
3-Aug,1199,355,1,54
06-1 Coopertown,1183,307,1,45
6 Rush Strong,1203,288,4,42
Brunswick 01,1205,509,3,47
Loudon,1208,388,3,30
Memphis 96-2,1209,1301,2,57
Memphis 64,1210,911,2,116
13-3,1182,1597,9,126
60 Fort Sumter,1215,276,1,29
Memphis 68-3,1215,902,0,62
Memphis 44-1,1215,1122,8,129
4 Jefferson ES,1217,456,2,57
Lake City MS,1219,250,2,18
055 East Ridge 3,1219,541,4,66
Andersonville,1222,227,2,32
2 Complex 2,1222,346,4,40
070 Ganns,1222,364,0,73
1-May,1223,333,2,34
Roan Mountain,1225,151,4,13
13-1,1226,765,6,76
3-3 Jones Chapel,1229,274,2,28
Maryville Jr High,1230,637,4,109
Memphis 81-1,1233,1043,1,71
Collierville 08,1238,386,0,55
6C,1239,237,5,20
6A Cane Creek,1239,608,8,68
15-1,1208,1209,7,109
056 East Ridge 4,1241,626,2,61
4A Sharon,1242,246,2,26
6-2 Gallatin HS,1242,523,6,46
188 Middle Valley 1,1243,352,0,72
20-3,1214,1927,7,163
93 Hopewell,1249,389,2,60
Germantown 06,1250,706,1,79
Gap Creek,1254,218,1,28
3-Mar,1255,530,4,111
3 Doak,1256,299,3,40
3-1 Ag Fair Complex,1259,244,2,17
7-1 Frazier,1260,238,1,24
Courthouse,1261,305,3,33
35-1,1231,912,4,117
4-1 Masonic Lodge,1266,963,2,58
1-Sep,1271,501,3,98
1-Aug,1271,553,0,97
Memphis 80-2,1277,1107,6,78
1-Oct,1279,441,4,54
084 Soddy Daisy 2,1280,297,1,49
5-2 Pegram,1281,552,4,57
10-1 Walton Ferry,1282,722,2,79
Prospect,1286,270,6,39
21B Hilldale,1286,711,5,72
2-Nov,1296,839,3,77
5 Debusk,1300,231,1,39
4C,1302,230,2,39
Carpenters,1302,274,5,30
1A St B ES,1302,1047,4,130
Unicoi,1306,276,1,40
07-1 Jo Byrns,1286,320,5,43
1-Jan,1311,2063,11,103
Memphis 81-3,1317,838,1,76
Memphis 55-2,1317,888,0,141
5-2 Flat Creek,1318,271,1,32
6-8 Broad Street,1318,308,2,30
Claxton,1319,387,2,53
18-2,1320,692,5,82
Memphis 54,1324,1083,4,54
Armory 7-1,1329,492,1,31
Clinton,1330,556,5,47
7-1 Northfield,1337,296,4,38
Collierville 05,1338,328,0,59
09-1 Fair Assoc.,1317,695,5,55
Riceville,1339,267,2,26
J- North Dyersburg,1340,355,2,36
1-1 Caton's Chapel,1342,276,1,36
John Sevier,1343,525,4,77
1-Nov,1343,851,1,100
14 Glenellen,1343,1189,8,132
5,1347,426,5,47
1-1 Annex,1350,646,5,46
23-1,1316,1255,1,116
3 Carter's Valley,1352,237,2,23
4,1352,312,1,45
46 1st Nazarene,1357,1180,9,135
8B,1358,286,4,38
Cordova 03,1360,1842,4,59
First Family 2-1,1361,605,5,78
Arlington 02,1365,508,1,63
183 Bakewell 2,1372,380,2,51
5B,1373,323,1,52
3 Tusculum View,1373,439,3,44
Memphis 91-1,1376,1451,2,71
2-1 Wearwood,1382,281,5,23
15-1,1355,342,2,39
5 Tansi,1384,328,4,26
2 Chuckey Doak,1388,282,0,32
55 Lonas,1390,922,5,124
064 Westview 1,1392,689,4,83
1-1 South Fulton,1394,401,0,27
Bull Run,1397,424,3,76
1-Jul,1398,315,2,33
7-2 Obion Co Library,1402,427,0,40
07 Gray West,1407,264,1,56
15-2,1408,1157,4,102
7A Burgess Falls,1410,487,4,52
Tellico V. North,1410,574,5,40
1-Nov,1373,1151,7,110
6-1 Valley View,1413,179,5,29
9 Talbott School,1413,233,6,35
2A Northeast,1415,814,2,77
053 East Ridge 1,1416,760,0,82
7 New Market,1417,315,5,55
Bartlett 06,1420,686,2,68
10-3 North Side,1421,925,10,56
14-1,1425,342,1,40
Hunter,1426,199,2,18
2-Sep,1428,675,3,87
5-Feb,1431,414,2,91
22-3,1395,1296,3,109
7 Glenwood,1435,283,3,49
4-2 Rickman,1435,393,2,35
10-1 South Haven,1420,615,10,60
1-1 County Library,1444,670,4,80
Etowah,1447,384,5,29
13-2,1449,982,1,119
7,1450,367,3,49
1-Jun,1425,372,4,46
2-2 Wiseman,1453,460,4,47
3-Feb,1453,504,1,92
22-1,1426,513,3,87
1-Oct,1455,1107,6,88
1-Dec,1460,846,4,134
Oakview,1461,319,1,45
Board of Education,1461,565,0,88
101 Hixson 3,1461,691,5,101
21-2,1463,779,3,74
10B,1466,335,3,33
7-2 Cleveland High,1471,481,4,69
3-3 Unionville,1472,289,1,32
6A Cumberland,1473,555,2,65
1-Jan,1436,581,5,55
74 Shannondale,1474,698,1,88
1-Dec,1475,356,2,51
3-Oct,1475,795,3,96
Alcoa,1477,589,7,93
1-Aug,1478,286,3,39
1-Feb,1482,375,1,55
2-Mar,1484,715,4,83
20A Clarksville,1485,762,2,70
10-1 Boyds Creek,1487,281,1,53
1-Jul,1488,793,6,110
Macon,1491,445,4,29
017 East Brainerd 1,1491,765,4,68
2C,1493,390,2,31
10 Lakeridge,1493,597,1,70
Mt. Pleasant 10-1,1493,751,3,42
078 Red Bank 3,1495,768,0,110
89 Mt. Olive,1502,912,6,110
16-1,1476,633,2,73
Lenoir City,1510,532,4,67
1A Capshaw,1511,794,3,78
19-2,1512,763,3,93
060 Ooltewah 1,1519,705,3,73
5 Jefferson Middle,1520,373,1,52
2-Jul,1520,668,0,91
Bartlett 11,1531,407,2,60
17-1,1502,597,0,72
1-Apr,1506,676,2,67
2 Chuckey,1538,306,0,35
2-Jan,1540,551,5,107
Browder,1541,387,2,41
2-Mar,1542,616,5,120
1-Aug,1512,691,3,77
34-3,1506,1268,1,134
091 Westview 2,1560,686,4,97
098 Harrison 3,1561,678,1,78
Memphis 91-4,1565,1283,1,80
13-1,1566,312,5,43
2-Oct,1566,817,4,102
Germantown 10,1567,645,2,84
Bartlett 13,1567,1630,3,74
63N Karns North,1573,470,0,56
Collierville 02,1573,1235,5,55
19-1,1574,594,6,76
Jasper,1574,651,5,55
62 Hardin Valley,1575,534,4,105
4A MCMS,1579,534,4,58
4-3 Bedford,1582,308,4,20
3-Jun,1585,842,2,99
1-Feb,1555,534,4,74
1-1 Westmoreland,1588,372,3,55
20 Visitor's Center,1588,674,5,76
1-May,1588,818,2,103
69W A. L. Lotts,1588,995,4,115
2-1 Clark Memorial,1590,549,9,52
Germantown 03,1592,695,4,92
3-2 Harrisburg,1605,288,1,44
2-3 Fair Haven,1605,298,3,31
2-Jun,1612,938,1,106
11,1618,284,1,24
050 Apison 1,1620,314,2,86
1-Oct,1589,631,1,106
31-4,1578,1543,4,130
09 B.C. City,1622,639,2,86
2 Piedmont,1625,291,2,44
58S Pedigo,1626,339,3,61
3-Dec,1627,726,5,133
6 Mosheim,1632,305,3,29
3-May,1635,515,4,84
Maryville HS,1636,764,5,99
3A,1641,504,9,75
2-3 SE Covington,1642,829,10,39
Brunswick 02,1647,1330,4,82
10-2 North East,1653,663,5,38
104 East Brainerd 2,1653,939,3,88
1-Jan,1657,576,2,77
1-3 Corinth,1660,390,5,52
1A,1661,322,5,49
9B Double Springs,1662,474,1,69
CP Church 5-1,1668,639,3,71
6-2 Blue Springs,1672,270,7,49
033 Mountain Creek 1,1672,1162,5,160
185 Dallas 1,1673,397,1,77
Collierville 06,1676,516,1,58
2-1 Portland,1680,468,6,65
1-Jan,1650,551,1,68
2A St B MC,1693,933,5,109
69N West Valley,1698,1041,8,140
Bartlett 03,1699,449,3,74
8-1 Brown,1699,854,5,79
3-Apr,1701,774,4,95
68 South Cedar Bluff,1702,1152,6,139
1 Dandridge ES,1703,416,5,53
7B,1706,418,1,95
17 Town Acres,1715,882,4,97
4-Apr,1671,1524,8,138
City Park,1718,459,5,48
2-Nov,1673,897,4,93
11-1 Gatlinburg,1719,620,3,61
Millington 02,1720,1230,6,85
207 Signal Mountain 1,1725,1092,3,136
Kingston Ward 1,1728,488,4,62
8-21 Wilkinsville,1733,660,3,49
13-1,1700,475,0,71
5-1 Blythe/Bower,1736,454,5,65
47 Bearden High,1741,1907,10,226
05-1 Greenbrier,1718,462,1,54
8-2 Hawkins,1749,787,4,80
7-19 Austin Peay,1751,843,3,41
2B,1756,577,3,87
01-1 East Robertson,1732,469,3,64
69S Northshore,1762,962,5,126
23-1,1731,706,2,111
Bear Creek 8-1,1771,544,5,46
Happy Valley,1778,577,1,91
Tellico V. South,1781,682,3,62
088 Hixson 2,1782,782,2,104
1,1783,458,6,48
4B,1789,336,1,54
4-May,1794,834,4,159
1-Oct,1794,1146,5,147
3-Aug,1800,896,4,115
Pleasant Heights 9-2,1805,492,4,60
090 Harrison 2,1806,1194,4,112
15-1,1808,934,1,107
03 Gray East,1812,387,0,54
1-3 Hopewell,1824,321,0,39
5-1 Sevierville,1824,480,2,54
048 Lookout Valley 1,1831,581,1,57
1-Feb,1832,506,5,85
2-Dec,1793,1379,2,138
37 Inskip Elementary,1847,1403,13,158
2-May,1849,817,3,117
14-1,1817,625,0,70
Bartlett 04,1867,1120,3,65
6-14 SW Tipton,1870,438,1,43
1-Mar,1872,578,3,85
04-1 Watauga,1844,527,4,68
051 Birchwood,1875,324,2,49
1 Mount Carmel,1875,384,6,58
02-1 Woodall,1861,476,2,93
Hickory Withe,1898,481,3,53
Niota,1907,340,4,34
3-Apr,1907,976,6,124
9-1 VFW,1913,762,3,46
Bartlett 05,1918,862,7,88
Memphis 57,1924,1216,5,119
3-Nov,1926,781,3,125
9-22 Brighton,1932,501,2,46
6-1 Harpeth,1939,905,4,86
179 Snowhill 2,1944,495,2,69
2-Feb,1949,664,8,100
1 Cornerstone,1957,524,4,53
84 Ritta,1957,739,9,99
18-1,1925,396,3,69
90 South Doyle,1973,673,6,73
2-Jun,1974,824,2,97
9 Fairfield North,1978,655,4,34
9-2 Pope,1980,613,9,52
Collierville 09,1981,604,3,96
4 Camp Creek,1984,377,2,30
2-2 East Cheatham,1987,524,6,61
205 Ooltewah 4,1992,613,2,98
Millington 01,1994,1006,4,81
2-Apr,1995,685,5,102
4-1 Oak Grove,1998,310,4,62
45 Bearden Middle,2001,1338,12,166
2-Sep,2009,723,5,93
1-Apr,2015,1024,9,141
St. Catherine 4-1,2016,1075,2,93
1-Apr,1966,1530,3,170
35-3,1976,1981,2,185
3-Jul,2044,1049,2,133
69E Bluegrass,2045,1111,8,162
3-3 Creekside,2061,629,4,54
Collierville 03,2075,511,2,96
1-Aug,2079,638,3,91
Highland Park,2083,550,3,65
11-2 Goodlettsville,2090,857,2,68
083 Soddy Daisy 1,2091,546,0,94
8-1 Kodak,2094,359,4,51
72 Dante,2098,741,7,99
Eagleton MS Cafeteria,2100,661,7,89
9-1 Hendersonville,2102,991,5,112
2A,2107,786,3,122
7A,2114,615,7,86
Germantown 11,2124,766,2,95
Germantown 02,2125,915,7,106
1-Mar,2088,599,1,78
64 Solway,2130,902,5,133
3-6 Tipton West,2131,255,1,51
06 Sulphur Springs,2135,439,9,61
1-May,2095,634,2,71
Bartlett 09,2137,649,1,89
3-1 Civic Center,2137,679,4,70
3-1 Pleasant View,2138,542,2,98
1-Sep,2152,1081,6,114
14-1,2153,1098,3,117
Collierville 04,2167,670,6,77
1-Jun,2169,625,0,90
1-1 Medina,2174,310,2,37
075 Pleasant Grove 1,2195,748,4,102
9 Fairfield South,2195,918,6,54
10-2 Merrol Hyde,2197,968,5,118
Stewartville,2200,697,2,47
2-Feb,2200,828,4,139
5-12 Munford,2202,425,6,83
2-Jul,2206,1208,2,138
3 White Pine,2211,386,3,65
2-Aug,2224,1118,0,135
67 North Cedar Bluff,2227,1522,9,234
70W Ball Camp,2237,1213,7,167
Germantown 05,2248,1094,2,120
3-2 Senior Center,2259,626,11,95
15 Courthouse,2261,558,2,75
2 Church Hill Inside,2261,575,4,55
6-3 Jack Anderson,2266,807,3,127
7 Woodlawn,2273,573,5,121
2-2 Walker Valley,2275,497,4,82
6B,2287,494,5,68
1-Jun,2291,1187,8,162
1-Mar,2296,854,4,145
Germantown 04,2308,928,4,112
7-1 Stuart,2316,820,7,109
2-Dec,2323,1213,4,184
5A,2331,565,4,59
10A,2349,768,4,134
20-2,2349,1178,3,150
12-1 Oakmont,2362,514,4,67
12-3 White House,2386,508,6,93
3-Sep,2427,1031,2,162
14-2,2446,1058,1,122
Eaton,2450,594,6,103
4-2 Michigan Ave,2472,472,3,73
4-1 Howard,2481,1083,2,106
19 Oakland,2483,1477,7,181
9A,2491,582,1,84
9-1 Seymour Primary,2499,581,5,118
1-Nov,2470,1183,7,145
71 Rocky Hill,2525,1561,12,214
20-1,2546,916,7,123
Bartlett 08,2553,886,4,130
Collierville 01,2571,645,2,119
7-1 Whitten,2582,998,5,140
Montvale,2589,657,4,101
70E Amherst,2593,1102,8,178
Oakland,2624,861,4,60
Spring Hill 11-2,2649,1156,10,158
1-2 Prospect,2653,528,5,99
15 Sango,2666,1094,7,149
Arlington 01,2718,910,3,117
9-2 Indian Lake,2720,882,2,146
8A,2738,641,5,103
4-11 Atoka,2789,734,8,118
1-Jul,2865,1161,2,150
Wm Blount Academy,2889,614,3,114
65E Shoreline,2915,1554,8,224
59 Brickey,2917,821,7,131
6-1 Seymour,2921,611,3,101
11A,2953,1314,9,168
6-1 Vol State,2978,808,3,103
63 Karns,3057,970,7,165
Lakeland 01,3064,915,5,100
65W Concord,3068,1215,16,178
4-1 Pigeon Forge,3113,621,2,103
3 East Montgomery,3155,947,6,166
2-1 E.L. Ross,3208,749,6,119
7-3 Long Hollow,3208,870,4,144
81 Gibbs,3327,631,6,110
6A,3349,706,4,134
73 Powell,3406,1005,5,187
4A,3623,811,9,82
66S Farragut II,3775,1764,11,262
66N Farragut I,4216,1959,13,258
61 Halls,4646,1253,4,157
